hashes,keywords
d60ec97eea19fffb4809bc35b91033b52490ca11,@accordproject/concerto-analysis
3d7570d14d34b0ba137d502f042b27b0f37a59fa,@accordproject/concerto-linter
d1829b4708126dcc7bea7437c04d1f10eacd4a16,@accordproject/concerto-linter-default-ruleset
5a87d68716cf9d99ec90835d623559bead2a76d3,@accordproject/concerto-metamodel
b65a8f02bcc425e9f43f44c4062e57a7ed0bb4ac,@accordproject/concerto-types
a134cb5a9c3187c7e2419ce5981bc8365cfbb1d7,@accordproject/concerto-types
edca8792f335b64b6929ef08b5d9bf812cc9ce77,@accordproject/markdown-it-cicero
88a1b7b4dfe55bfcf33ee73520506596c3b11f05,@accordproject/template-engine
cefb886c65d58dec552d217bf2e6bbfff900a067,@actbase/css-to-react-native-transform
ec85986413119e60684a99f3100c9d481cfdf08c,@actbase/css-to-react-native-transform
287a71e7df97b6c1cc10d51a4c18f8a1ce23cba0,@actbase/native
48932e2c66fb9fd103cdd2a4c0bfb77483061511,@actbase/node-server
5ce815ae8dfdb07fb5ebbc50643410e5f63daa2a,@actbase/react-absolute
caf629df8ec99ba641873e887a9d3e17bb2e040c,@actbase/react-daum-postcode
7c1454a3907079182ce7441def94f21e7e3fb554,@actbase/react-kakaosdk
967bcd5cf05a814b9e14895183fe1e00fe06c8fd,@actbase/react-native-actionsheet
c7d64660cd39ab9ae3a57cb2c9bbf7a89cf559c7,@actbase/react-native-devtools
2ad5fdb982e406b6817225f0a4edf30262a8ed3a,@actbase/react-native-fast-image
cb81069ef7b290660f9f640a56cfab33bd5764df,@actbase/react-native-kakao-channel
4c65f7bf4974a2892e2867dad270777cc1b1f0e0,@actbase/react-native-kakao-navi
c5012da7a0588bf39f4666a83ce43e11f70eb655,@actbase/react-native-less-transformer
8b5f31b22ac158f488179c49e718043e6bef25ef,@actbase/react-native-naver-login
8960070bcf368cb548f80756e22170836028897d,@actbase/react-native-simple-video
05307d8af5bea87f5ec60aaadcdd7be5a0f2e3fd,@actbase/react-native-tiktok
dcea1fdaa6621072fed6962e3461e18c22f7261d,@afetcan/api
1b6704faf237f65c83e1856c1c5f6efa9ec0e9ab,@afetcan/storage
9dd491b1b2faa10419198cadc25d0b30d46acba2,@alaan/s2s-auth
8b9873af85a6f4a5ab24d76dd97dc3fa83a53dd6,@alexadark/amadeus-api
b7ba4864a1aab4ba632c9c0fe1fcdc2fb0c268c8,@alexadark/gatsby-theme-events
a9bd726a1c567cbf8be371de175298c2ba10b19b,@alexadark/gatsby-theme-wordpress-blog
74de479293d9a47cce99c13f25e15103d40fbd0f,@alexadark/reusable-functions
59e3b10efec96f31c90a15d0b3cdb3c3a3474ed4,@alexcolls/nuxt-socket.io
5cf876f82760193d2d068f3c5e1a24c7138002b1,@alexcolls/nuxt-ux
bb5d7c3f23e1b5218f7a718f0a627cd0e897f39a,@antstackio/eslint-config-antstack
9b9a438091a5647e4ceb336fea424a384756183e,@antstackio/express-graphql-proxy
40b9aa9f98dc6073e04a56fd9d3596e4abefc596,@antstackio/graphql-body-parser
eab6be69fbc87987a64474f67c237c728d792a70,@antstackio/json-to-graphql
1a510a951e0fc186b99e313d94ab6ab72a6cd9d0,@antstackio/shelbysam
d8c0d20a17951f0b8a85c7cf5400d98841e17de6,@aryanhussain/my-angular-lib
32547a2862896cb2f96ac23284fc5e979f0e2414,@asyncapi/avro-schema-parser
fd1dd0aee3ccb7fabd751e8a3d3ba99c493391bd,@asyncapi/avro-schema-parser
c8ae5c76dc5837e18736678e928357a575a28a9f,@asyncapi/bundler
a28500d7adbb44e9fb29cb64401077ccfa2725ea,@asyncapi/bundler
066b0294e11a90cfcb11dad16f3d5557712c7ebd,@asyncapi/cli
68e74c4250af9845f3c193b74e91124f2888de50,@asyncapi/cli
640376c96617c1845378137b7a1d9cb74928ba20,@asyncapi/converter
933d64001fc0459dae8a0449e08c662c734a6f0b,@asyncapi/converter
a87cbf0a4cefbce50aa699641df2b61a833bca97,@asyncapi/diff
a28a7b4cd232a7935fdf9495b439a8d54ececbc6,@asyncapi/diff
e7d43606eb9fa18f4996db691f2086541b9bd3f4,@asyncapi/dotnet-rabbitmq-template
9459764f29b525e068c890663c79ec7ef81e9496,@asyncapi/dotnet-rabbitmq-template
602a9c12e35b78e0608a163495b5bddb5c2dc0fe,@asyncapi/edavisualiser
d36e5dd827d1b316e641a28bd4d1fb74b209d6f4,@asyncapi/edavisualiser
711cfa0503a965e901a943798923bd5a181eda67,@asyncapi/generator
4c6aaae6c2f7e6b34e72a35f19ba686a6df76660,@asyncapi/generator
dc3c63c58f1f1fa2117b1657114b5d7e4c44c850,@asyncapi/generator-components
d9f7f7f88fbc8094b721968d150af696913fa590,@asyncapi/generator-components
953dc4903d8a08f21d0a7cf49f01a1fe9f219434,@asyncapi/generator-helpers
18e323f15332a80e13037cf71fc632b4a7c79b27,@asyncapi/generator-helpers
d3eaea409b77c9497adbf544563a2abb197f1d95,@asyncapi/generator-react-sdk
ddbf3395f4d584e2a788b15061e85c2d17fb1509,@asyncapi/generator-react-sdk
badf1b89443fc68e1369dd753eaeaac784e9df1b,@asyncapi/go-watermill-template
17b464cbf81e074aaed24eb87c02d567f56dcfce,@asyncapi/go-watermill-template
d02f0f2ea5c9b1c29e5f6aae4fa0677f99b03cde,@asyncapi/html-template
c68054201d511f2135750edaef49958b4587267f,@asyncapi/html-template
317c491606e651a49db9873aed3a25fe2d7b9d6f,@asyncapi/java-spring-cloud-stream-template
f1501a45e6ac7d1e95c8a6ef9f192583b6d91a56,@asyncapi/java-spring-cloud-stream-template
897513887c92230ff0244cd51cd8f29664df28a5,@asyncapi/java-spring-template
f1a932205d020c521ea52de4159d5d340cdb7fcc,@asyncapi/java-spring-template
0f2d98464cdaa2211a27977596c0c0652862302a,@asyncapi/java-template
784dac6eae8261e32152f667286dc38e53b1bbcd,@asyncapi/java-template
cc7371ec3fc1ad9a62cb246e5885f13edf5fdeca,@asyncapi/keeper
b64401062ed84bacab8d6de8d6865d05978cd713,@asyncapi/keeper
2eaf147ef0a371050f3f1cec559ab9d2862036ae,@asyncapi/markdown-template
a5e233a8801faec95d35a703c0ca701e95048b35,@asyncapi/modelina
48f74f6af4a5932945b41479c734560ace278999,@asyncapi/modelina
1f86a2dd3636c1b3f6754bc8ad760c1154a8eeee,@asyncapi/modelina-cli
8820c2a858b73c91eb9567355dba4b6911bb2eed,@asyncapi/modelina-cli
cd11335d66bed36e237b91ed2bc1b8ac0dc3c560,@asyncapi/multi-parser
d7e800c37d67d878149fc7a6fb1569a654f928e5,@asyncapi/multi-parser
35187a7ee832909f901a713be277bb636692f422,@asyncapi/nodejs-template
31a8730a11fc6cbf1bbdd216d7053949e908c50f,@asyncapi/nodejs-template
ffd87620395edb43ae3f51bc7b5852e575627721,@asyncapi/nodejs-ws-template
c9011fb8316e2cc639099643d42909aa32f5f85b,@asyncapi/nodejs-ws-template
b6003fe43666d12f190d51f5279c44c480dd63e6,@asyncapi/nunjucks-filters
eb901ee6b02a6ce51786241e300a30f82eae6dc5,@asyncapi/nunjucks-filters
4dc5ee4c3152541d892944c7599b81c8d6b1afd6,@asyncapi/openapi-schema-parser
c86e40c248604f06e220675de5ea0af17711fc66,@asyncapi/openapi-schema-parser
62092c345d57fe75256d0e2d1d0b694c8bc51bbf,@asyncapi/optimizer
3ab7860deb3bde7a324c12cbbeb5532442f56709,@asyncapi/optimizer
74c548516d344a18949b85daa130f312e35bb6ce,@asyncapi/parser
e536300e48ce92cf82a153caccfdc5dc98f8a847,@asyncapi/parser
5d52b179e5fca147958aec81a2b9d321ce5fd60d,@asyncapi/php-template
19fa34ce71349720cd9bda9ca3cb529bc31550c5,@asyncapi/php-template
7d6141ba73cefa92d86ea24cc8f6699b8035e29e,@asyncapi/problem
567c818f028102701b31822817136b8af42f461b,@asyncapi/problem
67c50e318598acccef483929398d27fecbde3c76,@asyncapi/protobuf-schema-parser
2c4f2019fc348539c97d75edcedd811e79bf1288,@asyncapi/protobuf-schema-parser
120e92669585a501b7676b3d4ca6239dd08c4f85,@asyncapi/python-paho-template
30fc1482630d145d4bbd966ff1b8a61498694ca3,@asyncapi/python-paho-template
91255a47be4f1a3bdee2646d82ca412087708cab,@asyncapi/react-component
f65a2f9c0276a4cce73cc0b95ebfebd05f2cc973,@asyncapi/react-component
dc9e84f92048b0aa78e0a17ae69708ee7aeee349,@asyncapi/server-api
c2f0cc5734af74e244ff7ac34ea45387d813a22d,@asyncapi/server-api
f1c23c1e76acbd07591e4708bc2f2768a9f754f2,@asyncapi/specs
0490214387616c1265447752310136352545831e,@asyncapi/specs
3c5b060c1a124123a7480cd57d9db98b52a638c3,@asyncapi/studio
0c708c8b4d02903233ce1d3913353e4ab9e33ce9,@asyncapi/studio
cab67ca4f2051efb640e5b73b5faea6c2b7af4a1,@asyncapi/web-component
382b2e158f2f6a2efc70513bf8c7879715bf908a,@asyncapi/web-component
932608d1ce4a27c9ee27ff94d68a0b511470eabb,@bdkinc/knex-ibmi
5998c5fad96b4a1b91ae490ad4902680ca15a311,@browserbasehq/bb9
cfb5b91d5cd26eefa1bec6bf7f281d1f978d9b2f,@browserbasehq/director-ai
36817c28b5af8368412e1a64d2f0152a433d2ac4,@browserbasehq/mcp
e2635f10661d8d085d803078a900d32f170ddf4b,@browserbasehq/mcp-server-browserbase
576fa07c3562822a92f20954693ad5e10db2375c,@browserbasehq/sdk-functions
0063c7524a71500459a9a66f906ab85146b440df,@browserbasehq/stagehand
6d934e3e5ba69ad11c985b7762a4d6c927fb3d98,@browserbasehq/stagehand-docs
398bda76a8948d47b8bee4412bc5464cb08cd62a,@caretive/caret-cli
7faed5f3f91d69c9e75b102e43d00cbbfcb2e794,@chtijs/eslint-config
345989a561fbde9bffe1bfbc5866f874fc9db923,@clausehq/flows-step-httprequest
9d7217be91c6da2de9ebac80aa7f7234071697d4,@clausehq/flows-step-jsontoxml
960aab3849afce2f6ab148cfdf8d37cb5e681f69,@clausehq/flows-step-mqtt
0096cf6dd7d10755c76f66189b882b56d2d3bc0b,@clausehq/flows-step-sendgridemail
7c96e8d4e0fbe8acedfc56cd08e2adb66afeeed8,@clausehq/flows-step-taskscreateurl
73233bfb4ee82584594ae8388c2201d6ed16eee6,@cllbk/ghl
6f3726f245f371b35541eded21a1b0ee113311fb,@commute/bloom
f40fb715a308ccd0b38bafd3fdc537b4e0dbd404,@commute/market-data
885408eaba607eae0b325332e16597c95105a071,@commute/market-data-chartjs
e3f5f625c96b78c65361d4ce9997eb8fe269c7ba,@dev-blinq/ai-qa-logic
f0e85e8f6eae4967cad566908c6d5dacbbb41f2f,@dev-blinq/blinqioclient
1d96e59c100997baa323f34b0584231bac7e5c6b,@dev-blinq/cucumber_client
8df342eb91f9a325df8b6224af84019bf6cd1f6a,@dev-blinq/cucumber-js
12a2badfe08b09efbbe86052b5938ba9965fad39,@dev-blinq/ui-systems
5694d8c0c8368ead7cece24e0ae37b754df467de,@ensdomains/address-encoder
a9af7a973c11192c6656a9a175102beb497051f5,@ensdomains/blacklist
676be89a74e3bebde560fded35dabd0f8e00cd3b,@ensdomains/buffer
daa020b17b23a7d9f83048a626ea8398bedad195,@ensdomains/ccip-read-cf-worker
e210dab82f7709b9a01a2735ca88fdfd81f295d4,@ensdomains/ccip-read-dns-gateway
85538b42f006e31ce802b5cc5fdb5000ecaf9998,@ensdomains/ccip-read-router
a33d081002d21fa5105203df68d82df5d1857977,@ensdomains/ccip-read-worker-viem
4d07d9859fa20c5f287d699ddbe0ba1762ecf728,@ensdomains/content-hash
e1ebff1f43105fc3a3e3b005e16aecd5bf4f67be,@ensdomains/curvearithmetics
087e06ddade4a3a91292f550173f8470c49b5c36,@ensdomains/cypress-metamask
61a401e669a33cbd38ca717fda0e6bb86665e9bf,@ensdomains/dnsprovejs
aea3cb5108e29c7869890012d06a7396a8b29ec3,@ensdomains/dnssec-oracle-anchors
3563ab863a9df12638c628b00c36ca2acee6e547,@ensdomains/dnssecoraclejs
c4a7f650aa3281fbb8c518eeb5254929e00a3651,@ensdomains/durin
d93c8c3688745239be212f87df64edb7e2284910,@ensdomains/durin-middleware
6f6b53f38e2e1880ed82810dc5fce39cdd942155,@ensdomains/ens-archived-contracts
4223c5eb6d4d8b757e8be054c56417611d47098e,@ensdomains/ens-avatar
cc289cc72e44d3863d4d099bc1a597fec17821c2,@ensdomains/ens-contracts
ef42322bb763f24d44c9594c43812aa18c99dfe3,@ensdomains/ens-test-env
d64d6c775c37bf4c1a19c5ec9354f9caff435eaf,@ensdomains/ens-validation
93fe3f8a095b4d4000b95c8eecb029293bf6912f,@ensdomains/ensjs
a4cf109edf9241d35ef736ee01b18b7490b6f52c,@ensdomains/ensjs-react
6ff5d0a39979ea1f20f10128cfda5db2efcf78fb,@ensdomains/eth-ens-namehash
311bd20dc28b1db74b26e9ee6fb0b99fe401ec5a,@ensdomains/hackathon-registrar
9c06ae302b7fa55d679857b4f327abb63b4d48d9,@ensdomains/hardhat-chai-matchers-viem
320facebe79fcee01094aec1727a0584dd19728c,@ensdomains/hardhat-toolbox-viem-extended
ecbdcb3eeb7185ab8ed904fc07bb77a3457b7b67,@ensdomains/mock
7f82d532cc23945265391d54097f9f480142c161,@ensdomains/name-wrapper
12fa3f0c96ca52b114448cc5caa73d37af104bff,@ensdomains/offchain-resolver-contracts
0072122333af7439c26a1667df5205d4d65af1b2,@ensdomains/op-resolver-contracts
7e65df9d8bc61cc9698c79d5879f4b193cc7dfb1,@ensdomains/react-ens-address
e71913b97f95d0ea503479bb43cd1178b3e33f10,@ensdomains/renewal
8c9e509a486a243910491fa789ea8897a5b12c09,@ensdomains/renewal-widget
13fc4426a084e0046cdea50d6fa46af1d532b570,@ensdomains/reverse-records
cb45e25a49b4cd39f6d769d5c381701619707276,@ensdomains/server-analytics
c6a544ed98b9a84cd45e115248b1ae3af79f075d,@ensdomains/solsha1
b624a8aa11fb92008a5d2833090735311b969877,@ensdomains/subdomain-registrar
64ee393bc818f70708524859bc19401ee21b0013,@ensdomains/test-utils
f8e63b6947d2032e75964bac2e7072c6da8f72db,@ensdomains/thorin
240bf4209c195b352661376736eb37c1848fc866,@ensdomains/ui
87e624c96b4e113bbeddb7c251687d614f70e8c3,@ensdomains/unicode-confusables
7d7f924bc9eeafea04c11d49a2903ecf84eaebbb,@ensdomains/unruggable-gateways
f563abf96e6839d229feee7fe3f7505e8671252b,@ensdomains/vite-plugin-i18next-loader
bd839fe0b70def1c8ac7b6f3c9d6e8be16d6ddc0,@ensdomains/web3modal
647c831e11d264b78028e422e40d86bd8ce780de,@everreal/react-charts
f131a88cdfc93b2cd3e0731b0b6583a7326f1e19,@everreal/react-charts
a92eafa302c3b910196fabc7387ac1bf01df1ad7,@everreal/validate-esmoduleinterop-imports
22d7593d921a31bb662a81a99dab6dcb97af2c57,@everreal/web-analytics
64a415ff23f6388ab9c3b9487841303c6bf38ede,@faq-component/core
b146a5c835f456b85f4c4b05003bee82deb2d4b5,@faq-component/react
026e4b7da1f1cee9ad99cb0fd6a1d255fe2b17a3,@fishingbooker/browser-sync-plugin
d1ebfcb06fbab215f80a7689b99d880270f88cf5,@fishingbooker/react-loader
f1c163880151c3999cf23c2e39ad228ac71d503d,@fishingbooker/react-pagination
1751fe471fe83e2ea704f227077ca0fd4b339858,@fishingbooker/react-raty
71438f3f4e66f8a8e63a4009b39dfd62ceb1ee99,@fishingbooker/react-swiper
a76e27340d18fa060f0ad2fb6356cdb33c0a517e,@hapheus/n8n-nodes-pgp
90a6096f7c835adcaa6fd55a46d86a39c2d23e04,@hover-design/core
4df5a8002dc1f264f5403f4ae8846f5a9de3fa03,@hover-design/react
389ecdcdc731e939261a597f11026b7ee216c77f,@huntersofbook/auth-vue
e39aa69f9fb9a072988e045c8b8e69f3adcb8bd2,@huntersofbook/core
fc9809b849ac8827de7268186c125203b48eaabf,@huntersofbook/core-nuxt
1abffe88070892b714cbd9b52903ede4b7f51301,@huntersofbook/form-naiveui
d42991857e0d782ce3b8cdc43ee2482e96b5884c,@huntersofbook/i18n
db10e35377f42be2016c15ed6caf95295f34aed0,@huntersofbook/ui
90b442685ac930390102205534b9b15cc25f2d06,@hyperlook/telemetry-sdk
e21082f89587b00ade4af8eaf248989f25b1ddfc,@ifelsedeveloper/protocol-contracts-svm-idl
996e65e1b433acace71844e61707068cad2e48dd,@ifelsedeveloper/protocol-contracts-svm-idl
fa3d04c908bf3bf1e36485a8e9d4e901d9e5a57e,@ifings/design-system
ccb7989988f61539928bc49637ec5aa76d350cb3,@ifings/metatron3
177bee8c32779d3df154f52aa60ae32c65abfa53,@jayeshsadhwani/telemetry-sdk
34523ccc99f97688db11eac7ede7f998c5998d5b,@kvytech/cli
4fd67072517195ee728a17533b065a0e9ad8150b,@kvytech/components
d4c71b45ffe55cb8c83a34af47c768c31c528a89,@kvytech/habbit-e2e-test
8be68bfc0d8ea36f5a091c8bb3bac0396dbde3de,@kvytech/medusa-plugin-announcement
ac411d816215ea980a8e0375ec34bbaf9456eed7,@kvytech/medusa-plugin-management
003ffad46ad3bca7f00252adee39f8f32345bd43,@kvytech/medusa-plugin-newsletter
ee07b0ce5c042c9b01e165a3ae18de80fbf1cd43,@kvytech/medusa-plugin-product-reviews
3dc768eeb76b49a2d7064b72adca5822b486285e,@kvytech/medusa-plugin-promotion
110a6c4f5d41aee757d77aa19aa9a689ab754cdf,@kvytech/web
b745835142c52bfcc17cc7d937fead39a7196eeb,@lessondesk/api-client
4c1dd52439bc643280124a1987ec0aea9cdfbe06,@lessondesk/api-client
ed903aff92a236dc366fad99111280a8370a35df,@lessondesk/babel-preset
06cd5c05d0f744d759daaf47d532093f3f181406,@lessondesk/electron-group-api-client
529a4a783d464070f6b6401bb3baf1535fee345d,@lessondesk/eslint-config
360e336ab65f10b537f93faac185345ea907e678,@lessondesk/material-icons
e0ac565baadd1f2a34b672549029b0fea57fe253,@lessondesk/react-table-context
2a6d6b4fcf5e5b6f23b1c0ec9c5f2dd522aaa787,@lessondesk/schoolbus
6c88f2f424d0a36cd9d63e399f3985f7d56600a4,@livecms/live-edit
e3f52214176578a1b7b45b4f7091692a302402f8,@livecms/nuxt-live-edit
e2eb2cbd7a5088de3fba370a9adc9ae08cc6cf1c,@lokeswari-satyanarayanan/rn-zustand-expo-template
0080fa150e875fe5a1c680e79267af73afb5fb95,@louisle2/core
ac9b23db8bac7ce84d507b73628818814a6fe24c,@louisle2/cortex-js
b95d8b582445b8c2b9aa62329fde4ca6ed7fbd0e,@lpdjs/firestore-repo-service
a1a3451d41b4d7e46080ed4ead5a2270cf8c434a,@lui-ui/lui-nuxt
308a65f72791b5082369dbc52faa70281b24668b,@lui-ui/lui-tailwindcss
845a1e93818f8860ece4c9da82884009b159921c,@lui-ui/lui-vue
d1c4c5d62cb29b32918227c6def85f4867392919,@markvivanco/app-version-checker
0c9b280e183cbf5276dc6b9650ea3fdd93fe2123,@mcp-use/cli
5b6457cd206d7e5154886a877d5c330ca4d01b4b,@mcp-use/inspector
7506b6c4d77b1338a5d489a6fae6c0f1f29460ea,@mcp-use/mcp-use
3423b65bb0763ab6f7f739f732d44e014fc38e19,@micado-digital/stadtmarketing-kufstein-external
a3c6ec9670b239f7f69e41b99adc72f9a8894495,@mizzle-dev/orm
fadc68277f3ac40f5f85eb4c6b66f0dc282f488d,@ntnx/passport-wso2
e97cb399689e7d889312955896f6a4e3fc1d092e,@ntnx/t
403ef6e62c8f8803aae156898a1167f8b9085b53,@oku-ui/accordion
7951f1906b56a4efa93df963fc6d84c4a9704452,@oku-ui/alert-dialog
5acc34cf4df6235952c5dd0c5fefefab27ce5590,@oku-ui/arrow
310a7ab4c3fc611e7dd3228b37052a841ff494d6,@oku-ui/aspect-ratio
cee131c1972396e0f0b2bd39c49d41a0806e2409,@oku-ui/avatar
b197cfd9bfbb94ffdf3dc2ac26cfd987ba66ae1c,@oku-ui/checkbox
7a1de8b9591a6920f980c7662ff9949642b4d0d4,@oku-ui/collapsible
d5d59f23fb67853a7636a6798d5fa245733c00bf,@oku-ui/collection
f2a9ee21332231fa20238ee0f13fc139266f09f5,@oku-ui/dialog
401831d474a9597445ace62baa3b656bca97417d,@oku-ui/direction
b9693e359149d8d85184f00dea3aadac74aa491f,@oku-ui/dismissable-layer
ea8bc17d3aca38a1deb1968a16ed64c52f331f54,@oku-ui/focus-guards
33a7132f70ace01638b8ee61b68815376e56f005,@oku-ui/focus-scope
934de881ec1be63301a8fd64ec761cc0a41c2ba5,@oku-ui/hover-card
03225c19bee852cbc8e60424f8e63914119ce40b,@oku-ui/label
fa5ff4155006cf4baee347b20c448e1f4fbffbfc,@oku-ui/menu
90f59eaa4385641055b328fd2b0b5ab8d310301f,@oku-ui/motion
a3ab92d9dd7c337696d540d29e4ad82c472c3a4f,@oku-ui/motion-nuxt
19361ef0716b83d0ae88878fbb29dfaf7e64efbc,@oku-ui/popover
90fb283db12bcd6d4ead5f23b49b660fe060d451,@oku-ui/popper
d923da975d139aaa665f35b8feacbe6efead4dca,@oku-ui/portal
3b7e58ab4a089f530c5d07de8cbdbf28645df51b,@oku-ui/presence
b1fb89ed6bd2d5e0f8c1958c080eb47ff2e6c01b,@oku-ui/primitive
97dd6150e9390a09ba561bebb719d10cf153b753,@oku-ui/primitives
3038d9666d04549cd391e3eb7e6012c5a411ea91,@oku-ui/primitives-nuxt
2095e7fa04d2017a4d03b14b2a4a978c076772e4,@oku-ui/progress
8b547b4d81002e1fea9609e479ca9d960bdaf4fe,@oku-ui/provide
ef80174f5a81973555605cbf1b9b5082727df347,@oku-ui/radio-group
3f6ad78b44f30e9f61d0a69251e709e5f4a02954,@oku-ui/roving-focus
83352fb0f053fad895c79b42ad6d3cf62dd17e06,@oku-ui/scroll-area
778f311c19e6cb93ce739b8b64cbdd530355d52e,@oku-ui/separator
62649977353e0dc5701c2f64344f450a12cb7484,@oku-ui/slider
f25529f414e59e4e90cc74b7e2f48575205e6d4b,@oku-ui/slot
91af64987e656a34c42438e8e1bb40cc1b7f4508,@oku-ui/switch
06db2f70510bd4be0a07f94a6b72892c8aef2cdc,@oku-ui/tabs
8191b7a4f9710e20a270fc07769a7aea5fc194b2,@oku-ui/toast
dc9758c76a361fe4a17d0cd51c9f8e5510f68cd5,@oku-ui/toggle
3d5425b61125c257b30d021673cd61132c2b18c9,@oku-ui/toggle-group
118ef85bd41f226651811314a17fb7ffba1e89fd,@oku-ui/toolbar
a21ea668986d01115824e61442308842ad4e3352,@oku-ui/tooltip
78f3a5b3d43d9d7037d3819cb338084fe4445539,@oku-ui/use-composable
b6501d1eac8e9e9faa7d54cab6058bdb1072e682,@oku-ui/utils
2d85a99dccfd2814b3708511dc20039d62dde41a,@oku-ui/visually-hidden
f2a4f0000a32ce1ef2c1e812770bc7c300ac551b,@orbitgtbelgium/mapbox-gl-draw-cut-polygon-mode
a99abc7faa2a12bc661af4a75d772068ed26d1a8,@orbitgtbelgium/mapbox-gl-draw-scale-rotate-mode
cdecc1d75cc5f9f03c7b6c0d96fe0ca1476ee049,@orbitgtbelgium/orbit-components
527b3bbcbb86e88a2f51199bc21e12aec19bbb62,@orbitgtbelgium/time-slider
9fa8eaa98cd9cb7407f1f368a9f2acd133e1e1d8,@osmanekrem/bmad
1eb92906219550b13517ff254cc38c81e9cf5f2e,@osmanekrem/error-handler
210204bb7b25cef1a9ebe99f7215f2eeff2e5824,@pergel/cli
d43347437dd29a3cae7bc1444a86d3c9cad281ec,@pergel/module-box
4331d9d2fa8eda602d6d03146d04d5afe22e916e,@pergel/module-graphql
13af3719a7dabcb5b4a694a172a52cb14df19a2d,@pergel/module-ui
5a7b8aa05b0a291b1fbe99d499ccc63b8aa71b79,@pergel/nuxt
60358631cd4fb8b529814623c09524ca8664105a,@posthog/agent
a6f0ac3737e30f477d9466aab217e9925f3246ce,@posthog/ai
13f4230e8fad87054239f365636c85ff8656236b,@posthog/automatic-cohorts-plugin
e992e5249e12cc80b8375c079315b1c486a13d90,@posthog/bitbucket-release-tracker
659820cbbcc8423a61db462dfe64ca30a9176203,@posthog/cli
47a73e73050a8883ff08568df024cbe3e2d6b639,@posthog/clickhouse
e2f8fddc8c17d4535218231b12626610d69b67aa,@posthog/core
fab6e4df7b80943ae29bb7b4edd003470da6627e,@posthog/currency-normalization-plugin
9094b2c603f4ed27c43c5dd43aa88042dd869838,@posthog/customerio-plugin
5906e25493da68038fbb9d4325d46e2994d75d64,@posthog/databricks-plugin
c1fe9ce3cd6cacab31a8667294dca65faa0f3329,@posthog/drop-events-on-property-plugin
83ddf0bc25c6e88d45704fbc813761fca4179193,@posthog/event-sequence-timer-plugin
7d9b1f7f4f481aba7a6a469a9297b716c62f99be,@posthog/filter-out-plugin
10788351b07d79534c26ecf23b21448476c38bb9,@posthog/first-time-event-tracker
37a6b73233b03a6eee735cb39122f677b783d23f,@posthog/geoip-plugin
1b15ec68abb696117242013e543bf21c991bbff9,@posthog/github-release-tracking-plugin
1fca43f86a0a4c1697982c4659565b6532d2fecf,@posthog/gitub-star-sync-plugin
614ddebdf1fd288070c2275c70b989348879feae,@posthog/heartbeat-plugin
7c613b0a9a0d3a004f567fc90da4ae472f6c736b,@posthog/hedgehog-mode
571549715b590510f535fcb3e82920888295bc52,@posthog/icons
a12e996d90f783e67ca0b1a83eea0db2f099d003,@posthog/ingestion-alert-plugin
b0fec9e0e1855df3f154f021489848087b5f8762,@posthog/intercom-plugin
893f7d22e9e2a9f50ae583522bcace960a706a04,@posthog/kinesis-plugin
66e20f881eb94efdc0958ffb5569741b5fee510b,@posthog/laudspeaker-plugin
4e5e70b023b5d8f0983ba69d2fa2788b86df6d54,@posthog/lemon-ui
e3c0ce021261404a8808ff414013f3fa710fb36d,@posthog/maxmind-plugin
8b88d5346ba09eb39b708ef0026790ee015b2fe6,@posthog/migrator3000-plugin
6bc95c243a33da1ff9ef09ba518da1ee58e44ff4,@posthog/netdata-event-processing
82600ebc40dae8ac100e4611738e30d8f99cd352,@posthog/nextjs
d04365647522fa3f5f4e4279dad1666b442812e2,@posthog/nextjs-config
bb89a120088691e2bd055678ed5c4ccb9a0c924f,@posthog/nuxt
db4428be64a256f77f82f58237b416ba3ca0f16c,@posthog/pagerduty-plugin
30c772252f31bc9d44dfa430a4476f3a2022e895,@posthog/piscina
21357b8d7070e494770dc1893690cb997f740f64,@posthog/plugin-contrib
a9990a5a9c470b631522f2d5916446c4bac85ed3,@posthog/plugin-server
795f4a1625f49b754da8ecf8ca7ee374d203f435,@posthog/plugin-unduplicates
98b48eb833fa7c4efd2e5614ea8eee707d6a0a9f,@postman/pm-bin-linux-x64
22a00ac7a42f013e2cac82cf4a873dc6b064ae48,@postman/pm-bin-linux-x64
c30927317377e66447b94ab5fbebb222123cf7e8,@postman/pm-bin-linux-x64
5b8857a6b61b9525aac325e4b3a79c3244005633,@posthog/postgres-plugin
7b61753a2103e7f64318a3e707feb3bbb36d92a1,@posthog/react-rrweb-player
68a6d3c07d849ad799f25e2b0c6bc08718d23f99,@posthog/rrdom
741c2c511901178f4c4272fcfcaf00cf00b7c8be,@posthog/rrweb
97df17665971e350f672c908043265ff72c9027d,@posthog/rrweb-player
c796d3f742f08fd89f052c9ce0371665ff23cd1c,@posthog/rrweb-record
c85966a482146b1d3d9e92d2e08d2e4ea8be643b,@posthog/rrweb-replay
f0170c1b821dcbb0daaa8bcdbd794d9e89331e19,@posthog/rrweb-snapshot
b582920e855e1e2c6ada833b9bc847fa71b705ec,@posthog/rrweb-utils
a0aade7704bf7fe660823a61705dfda12734da2e,@posthog/sendgrid-plugin
fcb8efa44585cb1108f96b2161005a2a61491ca1,@posthog/siphash
484b9545aa4425d31b9063d84df6754410215198,@posthog/snowflake-export-plugin
852391435a52bb19b5e008d0306e6113f5c178c8,@posthog/taxonomy-plugin
15600f4ed3aeed95cdfa3a0722555a4e6c1aade5,@posthog/twilio-plugin
258baa048dbaa7ca2b6e795eaea231d4ae701afc,@posthog/twitter-followers-plugin
6c28175816158ec4d2baecffad3deb786ff86581,@posthog/url-normalizer-plugin
99883d3c767c292a3c71f7bb0ae8bcd2e558c571,@posthog/variance-plugin
d0af49cbe1564999993f78611357780d5ee52f43,@posthog/web-dev-server
2548941c5f9b6b9136cc13983bfa7a67cd6ed6ef,@posthog/wizard
61217d6a1b8d58b28a5bfe811aefeed96fccd446,@posthog/zendesk-plugin
35d1b0e71c952dea1825e5533828d69637b5d30e,@postman/aether-icons
ebb9d53e562fdf659ee2f4aeefbc428de15b81c8,@postman/csv-parse
10e0c7a70c43192e328efb49b32022386e0153c9,@postman/final-node-keytar
255d1c45b8c6617da82036d6d2671635b7b5b4e3,@postman/mcp-ui-client
88cfd1228ea1c8a22ced8b103c4e55c284f6225b,@postman/node-keytar
c7a9213783333353d635e9949705294bb2662c38,@postman/pm-bin-linux-x64
58cf961afe349338d25ed0eb610310d02a2a1bd3,@postman/pm-bin-macos-arm64
254071afdb95e945a2098fe598ad972edea624a6,@postman/pm-bin-macos-x64
ba60d4d997dd7367fa3490d1a39cf40ff2733504,@postman/pm-bin-windows-x64
8d33988a9f1c404c757b9bd474a1dc9e632d0882,@postman/postman-collection-fork
6bc7f46b3bdb3021d57782f27028030d95b5ce38,@postman/postman-mcp-cli
930719f947239b5ddf61ca30ed5583ace8b95ede,@postman/postman-mcp-server
af797c0a93b635e0fa17b5d6b08038fa4cd2db16,@postman/pretty-ms
ec45aaf47ec08f52fad9b6ef12f5edcbe4fd192f,@postman/secret-scanner-wasm
bcf8527ac58d7409c7330c617330cc136eb819f1,@postman/tunnel-agent
79d8b13567743aa842225f1d4a1a91fe3a1f3af8,@postman/wdio-allure-reporter
038aea646659592778a4ea13b3dcab6e1f3ca32d,@postman/wdio-junit-reporter
877569099a6509ace5e120c0109b5da7f7a2282f,@pradhumngautam/common-app
27ae0e090fb441ef2da0e955f66c4f434f1368a7,@productdevbook/animejs-vue
0ed8d9cad44182c5e0867c105fb1dcb4b559a87f,@productdevbook/auth
70e30ebb44489fca86d9ddc6f85c3cbb54f3bbbc,@productdevbook/chatwoot
f1db81c622e9264c7808010fd2eaa585f8766335,@productdevbook/motion
99db340e5444f15bcafe0888122e12776ee353be,@productdevbook/ts-i18n
331c874a34747ac27a0caa5469474f552b0189f3,@pruthvi21/use-debounce
899c7632dfc1db4917416ab42a3b66c220728b20,@quick-start-soft/quick-document-translator
72267aeedf6b55d33828c9c427b6d60b653234c3,@quick-start-soft/quick-git-clean-markdown
9b692a370e896ba9bc83ddc511a0d01b10f6f762,@quick-start-soft/quick-markdown
c57cd0483d3a20e03fe7f57c07860b9747630b03,@quick-start-soft/quick-markdown-compose
8019f319be2c516167afd1795d7fcbc269d78d3c,@quick-start-soft/quick-markdown-image
8e059a33acc38c95ae04fc237768846fd078414e,@quick-start-soft/quick-markdown-print
b31434328c863e8dc8d42f4bdf069e3f650eb6c3,@quick-start-soft/quick-markdown-translator
7c3f18336c544d1f2d47e97a656f3dba966e6867,@quick-start-soft/quick-remove-image-background
1179d7cfe38ff56c2f15da05d011fbde570836a2,@quick-start-soft/quick-task-refine
7a195b698e4e3991a831a6a38b13d7b511a4dc6a,@relyt/claude-context-core
e2ab507b2a75574e9fb7171ec53a3418a871a394,@relyt/claude-context-mcp
e88292b5adeec4c0dbc6caa0a70d56d133c01bae,@relyt/mcp-server-relytone
921560c36ed8bcc19dfc26ae374b4a082655df4b,@sameepsi/sor
d385420441b61bf3b3aaea54a884f3c3c61ad15d,@sameepsi/sor2
8b11e3327603c6278cb70a197f0b6fdbb303caf2,@seezo/sdr-mcp-server
8ebbcc58c6baa87e0eb57a03d8edcdc157dbd54d,@seung-ju/next
ebb041ecd6f6ab3646e795411fb652a994b2dc6b,@seung-ju/openapi-generator
4914ba4587d0088e9e2996c0d0d8bb76f6a593c2,@seung-ju/react-hooks
55d53b1ee867442c29f20ada314eb648087a374a,@seung-ju/react-native-action-sheet
b765575a0d34cff491ae0e016d04eebdc3ffce7a,@silgi/better-auth
8b2b747b39eaa71ceebcc68426f5d838241921af,@silgi/drizzle
4b964223e409cd5312080ad6a90dee4329ab49c7,@silgi/ecosystem
f6986376a29a90f4bb6b90b3777600a2df4584d5,@silgi/graphql
2ad2c5427505ec7d55d1d0b84bdad4e0a4fea891,@silgi/module-builder
e7b148b48053169eda1b23c0c6d57b0dabea9b5c,@silgi/openapi
80275d7060576fac6821958f24694fe3c005fa44,@silgi/permission
4b4911c935302f53d62235211bce619344a491bb,@silgi/ratelimit
2d1b328a40194b845eff2a29d7f31b739f7ccda4,@silgi/scalar
ea9004f4899ab0e2901d0c364846f248a47145ef,@silgi/yoga
22c44c094a98b64d29930c6fefd867a69d6ade5e,@sme-ui/aoma-vevasound-metadata-lib
7c69a1c4de24b1f7b190dd687846728208893add,@strapbuild/react-native-date-time-picker
9a6e5ee369e290431b4ff21846ba00ccb81f6a18,@strapbuild/react-native-perspective-image-cropper
a851ad4b604b40c4068168fbf7b9d28871587939,@strapbuild/react-native-perspective-image-cropper-2
f1b307ea45f9c24999c0f53f5b7d75fa7bdd3b38,@strapbuild/react-native-perspective-image-cropper-poojan31
8aa765b4ea7e729a4239815b007451a411bada99,@suraj_h/medium-common
11bb2605eae883e823e879ba94fde4cc9f06f5b1,@thedelta/eslint-config
38e3468f6289792ee85ce7312ab2a34245511d9d,@tiaanduplessis/json
90f6d0895a3e68ba9bfabbe4df289f5b77754909,@tiaanduplessis/react-progressbar
9bf751dee1a98367ff8b5bacc38f2be9d6d26cbc,@trackstar/angular-trackstar-link
f72fc20a87bfedc7e6ec6cd6af7184ed21dc67ee,@trackstar/react-trackstar-link
6471fb6afe014f7e4ea7f47eb3208648f629e550,@trackstar/react-trackstar-link-upgrade
d49ade09ffd491968adeff938e5785afb426792e,@trackstar/test-angular-package
09d8c076916cba746ceae5bbf43b5891b3fab85c,@trackstar/test-package
e7eeee0a33bfd685fecc0a3020e2af9755447b12,@trefox/sleekshop-js
7299b1adfe9f49d9f9caa14e8765c9ffe7cdd35b,@trigo/atrix
757255f78f024ef955de52d63156a56e0a91398b,@trigo/atrix-acl
8649b99dd099a48c433f9f3eaafa4f7a70d01816,@trigo/atrix-elasticsearch
1d37200f4644190a94df00cfec8c48bce74691ba,@trigo/atrix-mongoose
546d6a18e2f8b4a7229a25afc0c6bb22df008715,@trigo/atrix-orientdb
931b4da27e51406a0b49fd547b219dbaf69f3351,@trigo/atrix-postgres
,@trigo/atrix-pubsub
,@trigo/atrix-redis
,@trigo/atrix-soap
,@trigo/atrix-swagger
,@trigo/bool-expressions
,@trigo/eslint-config-trigo
,@trigo/fsm
,@trigo/hapi-auth-signedlink
,@trigo/jsdt
,@trigo/keycloak-api
,@trigo/node-soap
,@trigo/pathfinder-ui-css
,@trigo/trigo-hapijs
,@trpc-rate-limiter/cloudflare
,@trpc-rate-limiter/hono
,@varsityvibe/api-client
,@varsityvibe/api-client
,@varsityvibe/utils
,@varsityvibe/validation-schemas
,@viapip/eslint-config
,@vishadtyagi/full-year-calendar
,@voiceflow/alexa-types
,@voiceflow/anthropic
,@voiceflow/api-sdk
,@voiceflow/backend-utils
,@voiceflow/base-types
,@voiceflow/body-parser
,@voiceflow/chat-types
,@voiceflow/circleci-config-sdk-orb-import
,@voiceflow/commitlint-config
,@voiceflow/common
,@voiceflow/default-prompt-wrappers
,@voiceflow/dependency-cruiser-config
,@voiceflow/dtos-interact
,@voiceflow/encryption
,@voiceflow/eslint-config
,@voiceflow/eslint-plugin
,@voiceflow/exception
,@voiceflow/fetch
,@voiceflow/general-types
,@voiceflow/git-branch-check
,@voiceflow/google-dfes-types
,@voiceflow/google-types
,@voiceflow/husky-config
,@voiceflow/logger
,@voiceflow/metrics
,@voiceflow/natural-language-commander
,@voiceflow/nestjs-common
,@voiceflow/nestjs-mongodb
,@voiceflow/nestjs-rate-limit
,@voiceflow/nestjs-redis
,@voiceflow/nestjs-timeout
,@voiceflow/npm-package-json-lint-config
,@voiceflow/openai
,@voiceflow/pino
,@voiceflow/pino-pretty
,@voiceflow/prettier-config
,@voiceflow/react-chat
,@voiceflow/runtime
,@voiceflow/runtime-client-js
,@voiceflow/sdk-runtime
,@voiceflow/secrets-provider
,@voiceflow/semantic-release-config
,@voiceflow/serverless-plugin-typescript
,@voiceflow/slate-serializer
,@voiceflow/stitches-react
,@voiceflow/storybook-config
,@voiceflow/stylelint-config
,@voiceflow/test-common
,@voiceflow/tsconfig
,@voiceflow/tsconfig-paths
,@voiceflow/utils-designer
,@voiceflow/verror
,@voiceflow/vite-config
,@voiceflow/vitest-config
,@voiceflow/voice-types
,@voiceflow/voiceflow-types
,@voiceflow/widget
,@vucod/email
,@zapier/ai-actions
,@zapier/ai-actions-react
,@zapier/babel-preset-zapier
,@zapier/browserslist-config-zapier
,@zapier/eslint-plugin-zapier
,@zapier/mcp-integration
,@zapier/secret-scrubber
,@zapier/spectral-api-ruleset
,@zapier/stubtree
,@zapier/zapier-sdk
,02-echo
,ai-crowl-shield
,arc-cli-fc
,asciitranslator
,asyncapi-preview
,asyncapi-preview
,atrix
,atrix-mongoose
,automation_model
,avvvatars-vue
,axios-builder
,axios-cancelable
,axios-timed
,babel-preset-kinvey-flex-service
,barebones-css
,benmostyn-frame-print
,best_gpio_controller
,better-auth-nuxt
,better-queue-nedb
,bidirectional-adapter
,bidirectional-adapter
,blinqio-executions-cli
,blob-to-base64
,bool-expressions
,buffered-interpolation-babylon6
,bun-plugin-httpfile
,bytecode-checker-cli
,bytes-to-x
,calc-loan-interest
,capacitor-plugin-apptrackingios
,capacitor-plugin-purchase
,capacitor-plugin-scgssigninwithgoogle
,capacitor-purchase-history
,capacitor-voice-recorder-wav
,ceviz
,chrome-extension-downloads
,claude-token-updater
,coinmarketcap-api
,colors-regex
,command-irail
,compare-obj
,composite-reducer
,count-it-down
,cpu-instructions
,create-director-app
,create-glee-app
,create-glee-app
,create-hardhat3-app
,create-kinvey-flex-service
,create-mcp-use-app
,create-silgi
,crypto-addr-codec
,css-dedoupe
,csv-tool-cli
,dashboard-empty-state
,designstudiouiux
,devstart-cli
,dialogflow-es
,discord-bot-server
,docusaurus-plugin-vanilla-extract
,dont-go
,dotnet-template
,dotnet-template
,drop-events-on-property-plugin
,easypanel-sdk
,electron-volt
,email-deliverability-tester
,enforce-branch-name
,esbuild-plugin-brotli
,esbuild-plugin-eta
,esbuild-plugin-httpfile
,eslint-config-kinvey-flex-service
,eslint-config-nitpicky
,eslint-config-trigo
,eslint-config-zeallat-base
,ethereum-ens
,evm-checkcode-cli
,exact-ticker
,expo-audio-session
,expo-router-on-rails
,express-starter-template
,expressos
,fat-fingered
,feature-flip
,firestore-search-engine
,fittxt
,flapstacks
,flatten-unflatten
,formik-error-focus
,formik-store
,frontity-starter-theme
,fuzzy-finder
,gate-evm-check-code2
,gate-evm-tools-test
,gatsby-plugin-antd
,gatsby-plugin-cname
,generator-meteor-stock
,generator-ng-itobuz
,get-them-args
,github-action-for-generator
,github-action-for-generator
,gitsafe
,go-template
,go-template
,gulp-inject-envs
,haufe-axera-api-client
,hope-mapboxdraw
,hopedraw
,hover-design-prototype
,httpness
,hyper-fullfacing
,hyperterm-hipster
,ids-css
,ids-enterprise-mcp-server
,ids-enterprise-ng
,ids-enterprise-typings
,image-to-uri
,insomnia-plugin-random-pick
,invo
,iron-shield-miniapp
,ito-button
,itobuz-angular
,itobuz-angular-auth
,itobuz-angular-button
,jacob-zuma
,jaetut-varit-test
,jan-browser
,jquery-bindings
,jsonsurge
,just-toasty
,kill-port
,kinetix-default-token-list
,kinvey-cli-wrapper
,kinvey-flex-scripts
,kns-error-code
,korea-administrative-area-geo-json-util
,kwami
,lang-codes
,license-o-matic
,lint-staged-imagemin
,lite-serper-mcp-server
,lui-vue-test
,luno-api
,m25-transaction-utils
,manual-billing-system-miniapp-api
,mcp-use
,medusa-plugin-announcement
,medusa-plugin-logs
,medusa-plugin-momo
,medusa-plugin-product-reviews-kvy
,medusa-plugin-zalopay
,mod10-check-digit
,mon-package-react-typescript
,my-saeed-lib
,n8n-nodes-tmdb
,n8n-nodes-vercel-ai-sdk
,n8n-nodes-viral-app
,nanoreset
,next-circular-dependency
,next-simple-google-analytics
,next-styled-nprogress
,ngx-useful-swiper-prosenjit
,ngx-wooapi
,nitro-graphql
,nitro-kutu
,nitrodeploy
,nitroping
,normal-store
,nuxt-keycloak
,obj-to-css
,okta-react-router-6
,open2internet
,orbit-boxicons
,orbit-nebula-draw-tools
,orbit-nebula-editor
,orbit-soap
,orchestrix
,package-tester
,parcel-plugin-asset-copier
,pdf-annotation
,pergel
,pergeltest
,piclite
,pico-uid
,pkg-readme
,posthog-react-native-session-replay
,poper-react-sdk
,posthog-docusaurus
,posthog-js
,posthog-node
,posthog-node
,posthog-plugin-hello-world
,posthog-react-native
,prime-one-table
,prompt-eng
,prompt-eng-server
,puny-req
,quickswap-ads-list
,quickswap-default-staking-list
,quickswap-default-staking-list-address
,quickswap-default-token-list
,quickswap-router-sdk
,quickswap-sdk
,quickswap-smart-order-router
,quickswap-token-lists
,quickswap-v2-sdk
,ra-auth-firebase
,ra-data-firebase
,react-component-taggers
,react-data-to-export
,react-element-prompt-inspector
,react-favic
,react-hook-form-persist
,react-jam-icons
,react-keycloak-context
,react-library-setup
,react-linear-loader
,react-micromodal.js
,react-native-datepicker-modal
,react-native-email
,react-native-fetch
,react-native-get-pixel-dimensions
,react-native-google-maps-directions
,react-native-jam-icons
,react-native-log-level
,react-native-modest-checkbox
,react-native-modest-storage
,react-native-phone-call
,react-native-retriable-fetch
,react-native-use-modal
,react-native-view-finder
,react-native-websocket
,react-native-worklet-functions
,react-packery-component
,react-qr-image
,react-scrambled-text
,rediff
,rediff-viewer
,redux-forge
,redux-router-kit
,revenuecat
,rollup-plugin-httpfile
,sa-company-registration-number-regex
,sa-id-gen
,samesame
,scgs-capacitor-subscribe
,scgsffcreator
,schob
,selenium-session
,selenium-session-client
,set-nested-prop
,shelf-jwt-sessions
,shell-exec
,shinhan-limit-scrap
,silgi
,simplejsonform
,skills-use
,solomon-api-stories
,solomon-v3-stories
,solomon-v3-ui-wrapper
,soneium-acs
,sort-by-distance
,south-african-id-info
,stat-fns
,stoor
,sufetch
,super-commit
,svelte-autocomplete-select
,svelte-toasty
,tanstack-shadcn-table
,tavily-module
,tcsp
,tcsp-draw-test
,tcsp-test-vd
,template-lib
,template-micro-service
,tenacious-fetch
,test-foundry-app
,test-hardhat-app
,test23112222-api
,tiaan
,tiptap-shadcn-vue
,token.js-fork
,toonfetch
,trigo-react-app
,ts-relay-cursor-paging
,typeface-antonio-complete
,typefence
,typeorm-orbit
,unadapter
,undefsafe-typed
,unemail
,uniswap-router-sdk
,uniswap-smart-order-router
,uniswap-test-sdk-core
,unsearch
,uplandui
,upload-to-play-store
,url-encode-decode
,use-unsaved-changes
,v-plausible
,valid-south-african-id
,valuedex-sdk
,vf-oss-template
,victoria-wallet-constants
,victoria-wallet-core
,victoria-wallet-type
,victoria-wallet-utils
,victoria-wallet-validator
,victoriaxoaquyet-wallet-core
,vite-plugin-httpfile
,vue-browserupdate-nuxt
,wallet-evm
,wallet-type
,web-scraper-mcp
,web-types-htmx
,web-types-lit
,webpack-loader-httpfile
,wellness-expert-ng-gallery
,wenk
,zapier-async-storage
,zapier-platform-cli
,zapier-platform-core
,zapier-platform-legacy-scripting-runner
,zapier-platform-schema
,zapier-scripts
,zuper-cli
,zuper-sdk
,zuper-stream
,02-echo
,@accordproject/concerto-analysis
,@accordproject/concerto-linter
,@accordproject/concerto-linter-default-ruleset
,@accordproject/concerto-metamodel
,@accordproject/concerto-types
,@accordproject/markdown-it-cicero
,@accordproject/template-engine
,@actbase/css-to-react-native-transform
,@actbase/native
,@actbase/node-server
,@actbase/react-absolute
,@actbase/react-daum-postcode
,@actbase/react-kakaosdk
,@actbase/react-native-actionsheet
,@actbase/react-native-devtools
,@actbase/react-native-fast-image
,@actbase/react-native-kakao-channel
,@actbase/react-native-kakao-navi
,@actbase/react-native-less-transformer
,@actbase/react-native-naver-login
,@actbase/react-native-simple-video
,@actbase/react-native-tiktok
,@afetcan/api
,@afetcan/storage
,ai-crowl-shield
,@alaan/s2s-auth
,@alexadark/amadeus-api
,@alexadark/gatsby-theme-events
,@alexadark/gatsby-theme-wordpress-blog
,@alexadark/reusable-functions
,@alexcolls/nuxt-socket.io
,@alexcolls/nuxt-ux
,@antstackio/eslint-config-antstack
,@antstackio/express-graphql-proxy
,@antstackio/graphql-body-parser
,@antstackio/json-to-graphql
,@antstackio/shelbysam
,arc-cli-fc
,@aryanhussain/my-angular-lib
,asciitranslator
,@asyncapi/avro-schema-parser
,@asyncapi/bundler
,@asyncapi/cli
,@asyncapi/converter
,@asyncapi/diff
,@asyncapi/dotnet-rabbitmq-template
,@asyncapi/edavisualiser
,@asyncapi/generator
,@asyncapi/generator-components
,@asyncapi/generator-helpers
,@asyncapi/generator-react-sdk
,@asyncapi/go-watermill-template
,@asyncapi/html-template
,@asyncapi/java-spring-cloud-stream-template
,@asyncapi/java-spring-template
,@asyncapi/java-template
,@asyncapi/keeper
,@asyncapi/markdown-template
,@asyncapi/modelina
,@asyncapi/modelina-cli
,@asyncapi/multi-parser
,@asyncapi/nodejs-template
,@asyncapi/nodejs-ws-template
,@asyncapi/nunjucks-filters
,@asyncapi/openapi-schema-parser
,@asyncapi/optimizer
,@asyncapi/parser
,@asyncapi/php-template
,asyncapi-preview
,@asyncapi/problem
,@asyncapi/protobuf-schema-parser
,@asyncapi/python-paho-template
,@asyncapi/react-component
,@asyncapi/server-api
,@asyncapi/specs
,@asyncapi/studio
,@asyncapi/web-component
,atrix
,atrix-mongoose
,automation_model
,avvvatars-vue
,axios-builder
,axios-cancelable
,axios-timed
,babel-preset-kinvey-flex-service
,barebones-css
,@bdkinc/knex-ibmi
,benmostyn-frame-print
,best_gpio_controller
,better-auth-nuxt
,better-queue-nedb
,bidirectional-adapter
,blinqio-executions-cli
,blob-to-base64
,bool-expressions
,@browserbasehq/bb9
,@browserbasehq/director-ai
,@browserbasehq/mcp
,@browserbasehq/mcp-server-browserbase
,@browserbasehq/sdk-functions
,@browserbasehq/stagehand
,@browserbasehq/stagehand-docs
,buffered-interpolation-babylon6
,bun-plugin-httpfile
,bytecode-checker-cli
,bytes-to-x
,calc-loan-interest
,capacitor-plugin-apptrackingios
,capacitor-plugin-purchase
,capacitor-plugin-scgssigninwithgoogle
,capacitor-purchase-history
,capacitor-voice-recorder-wav
,@caretive/caret-cli
,ceviz
,chrome-extension-downloads
,@chtijs/eslint-config
,claude-token-updater
,@clausehq/flows-step-httprequest
,@clausehq/flows-step-jsontoxml
,@clausehq/flows-step-mqtt
,@clausehq/flows-step-sendgridemail
,@clausehq/flows-step-taskscreateurl
,@cllbk/ghl
,coinmarketcap-api
,colors-regex
,command-irail
,@commute/bloom
,@commute/market-data
,@commute/market-data-chartjs
,compare-obj
,composite-reducer
,count-it-down
,cpu-instructions
,create-director-app
,create-glee-app
,create-hardhat3-app
,create-kinvey-flex-service
,create-mcp-use-app
,create-silgi
,crypto-addr-codec
,css-dedoupe
,csv-tool-cli
,dashboard-empty-state
,designstudiouiux
,@dev-blinq/ai-qa-logic
,@dev-blinq/blinqioclient
,@dev-blinq/cucumber_client
,@dev-blinq/cucumber-js
,@dev-blinq/ui-systems
,devstart-cli
,dialogflow-es
,discord-bot-server
,docusaurus-plugin-vanilla-extract
,dont-go
,dotnet-template
,drop-events-on-property-plugin
,easypanel-sdk
,electron-volt
,email-deliverability-tester
,enforce-branch-name
,@ensdomains/address-encoder
,@ensdomains/blacklist
,@ensdomains/buffer
,@ensdomains/ccip-read-cf-worker
,@ensdomains/ccip-read-dns-gateway
,@ensdomains/ccip-read-router
,@ensdomains/ccip-read-worker-viem
,@ensdomains/content-hash
,@ensdomains/curvearithmetics
,@ensdomains/cypress-metamask
,@ensdomains/dnsprovejs
,@ensdomains/dnssec-oracle-anchors
,@ensdomains/dnssecoraclejs
,@ensdomains/durin
,@ensdomains/durin-middleware
,@ensdomains/ens-archived-contracts
,@ensdomains/ens-avatar
,@ensdomains/ens-contracts
,@ensdomains/ensjs
,@ensdomains/ensjs-react
,@ensdomains/ens-test-env
,@ensdomains/ens-validation
,@ensdomains/eth-ens-namehash
,@ensdomains/hackathon-registrar
,@ensdomains/hardhat-chai-matchers-viem
,@ensdomains/hardhat-toolbox-viem-extended
,@ensdomains/mock
,@ensdomains/name-wrapper
,@ensdomains/offchain-resolver-contracts
,@ensdomains/op-resolver-contracts
,@ensdomains/react-ens-address
,@ensdomains/renewal
,@ensdomains/renewal-widget
,@ensdomains/reverse-records
,@ensdomains/server-analytics
,@ensdomains/solsha1
,@ensdomains/subdomain-registrar
,@ensdomains/test-utils
,@ensdomains/thorin
,@ensdomains/ui
,@ensdomains/unicode-confusables
,@ensdomains/unruggable-gateways
,@ensdomains/vite-plugin-i18next-loader
,@ensdomains/web3modal
,esbuild-plugin-brotli
,esbuild-plugin-eta
,esbuild-plugin-httpfile
,eslint-config-kinvey-flex-service
,eslint-config-nitpicky
,eslint-config-trigo
,eslint-config-zeallat-base
,ethereum-ens
,@everreal/react-charts
,@everreal/validate-esmoduleinterop-imports
,@everreal/web-analytics
,evm-checkcode-cli
,exact-ticker
,expo-audio-session
,expo-router-on-rails
,expressos
,express-starter-template
,@faq-component/core
,@faq-component/react
,fat-fingered
,feature-flip
,firestore-search-engine
,@fishingbooker/browser-sync-plugin
,@fishingbooker/react-loader
,@fishingbooker/react-pagination
,@fishingbooker/react-raty
,@fishingbooker/react-swiper
,fittxt
,flapstacks
,flatten-unflatten
,formik-error-focus
,formik-store
,frontity-starter-theme
,fuzzy-finder
,gate-evm-check-code2
,gate-evm-tools-test
,gatsby-plugin-antd
,gatsby-plugin-cname
,generator-meteor-stock
,generator-ng-itobuz
,get-them-args
,github-action-for-generator
,gitsafe
,go-template
,gulp-inject-envs
,@hapheus/n8n-nodes-pgp
,haufe-axera-api-client
,hopedraw
,hope-mapboxdraw
,@hover-design/core
,hover-design-prototype
,@hover-design/react
,httpness
,@huntersofbook/auth-vue
,@huntersofbook/core
,@huntersofbook/core-nuxt
,@huntersofbook/form-naiveui
,@huntersofbook/i18n
,@huntersofbook/ui
,hyper-fullfacing
,@hyperlook/telemetry-sdk
,hyperterm-hipster
,ids-css
,ids-enterprise-mcp-server
,ids-enterprise-ng
,ids-enterprise-typings
,@ifelsedeveloper/protocol-contracts-svm-idl
,@ifings/design-system
,@ifings/metatron3
,image-to-uri
,insomnia-plugin-random-pick
,invo
,iron-shield-miniapp
,ito-button
,itobuz-angular
,itobuz-angular-auth
,itobuz-angular-button
,jacob-zuma
,jaetut-varit-test
,jan-browser
,@jayeshsadhwani/telemetry-sdk
,jquery-bindings
,jsonsurge
,just-toasty
,kill-port
,kinetix-default-token-list
,kinvey-cli-wrapper
,kinvey-flex-scripts
,kns-error-code
,korea-administrative-area-geo-json-util
,@kvytech/cli
,@kvytech/components
,@kvytech/habbit-e2e-test
,@kvytech/medusa-plugin-announcement
,@kvytech/medusa-plugin-management
,@kvytech/medusa-plugin-newsletter
,@kvytech/medusa-plugin-product-reviews
,@kvytech/medusa-plugin-promotion
,@kvytech/web
,kwami
,lang-codes
,@lessondesk/api-client
,@lessondesk/babel-preset
,@lessondesk/electron-group-api-client
,@lessondesk/eslint-config
,@lessondesk/material-icons
,@lessondesk/react-table-context
,@lessondesk/schoolbus
,license-o-matic
,lint-staged-imagemin
,lite-serper-mcp-server
,@livecms/live-edit
,@livecms/nuxt-live-edit
,@lokeswari-satyanarayanan/rn-zustand-expo-template
,@louisle2/core
,@louisle2/cortex-js
,@lpdjs/firestore-repo-service
,@lui-ui/lui-nuxt
,@lui-ui/lui-tailwindcss
,@lui-ui/lui-vue
,lui-vue-test
,luno-api
,m25-transaction-utils
,manual-billing-system-miniapp-api
,@markvivanco/app-version-checker
,mcp-use
,@mcp-use/cli
,@mcp-use/inspector
,@mcp-use/mcp-use
,medusa-plugin-announcement
,medusa-plugin-logs
,medusa-plugin-momo
,medusa-plugin-product-reviews-kvy
,medusa-plugin-zalopay
,@micado-digital/stadtmarketing-kufstein-external
,@mizzle-dev/orm
,mod10-check-digit
,mon-package-react-typescript
,@mparpaillon/connector-parse
,@mparpaillon/imagesloaded
,@mparpaillon/page
,my-saeed-lib
,n8n-nodes-tmdb
,n8n-nodes-vercel-ai-sdk
,n8n-nodes-viral-app
,nanoreset
,next-circular-dependency
,next-simple-google-analytics
,next-styled-nprogress
,ngx-useful-swiper-prosenjit
,ngx-wooapi
,nitrodeploy
,nitro-graphql
,nitro-kutu
,nitroping
,normal-store
,@ntnx/passport-wso2
,@ntnx/t
,nuxt-keycloak
,obj-to-css
,okta-react-router-6
,@oku-ui/accordion
,@oku-ui/alert-dialog
,@oku-ui/arrow
,@oku-ui/aspect-ratio
,@oku-ui/avatar
,@oku-ui/checkbox
,@oku-ui/collapsible
,@oku-ui/collection
,@oku-ui/dialog
,@oku-ui/direction
,@oku-ui/dismissable-layer
,@oku-ui/focus-guards
,@oku-ui/focus-scope
,@oku-ui/hover-card
,@oku-ui/label
,@oku-ui/menu
,@oku-ui/motion
,@oku-ui/motion-nuxt
,@oku-ui/popover
,@oku-ui/popper
,@oku-ui/portal
,@oku-ui/presence
,@oku-ui/primitive
,@oku-ui/primitives
,@oku-ui/primitives-nuxt
,@oku-ui/progress
,@oku-ui/provide
,@oku-ui/radio-group
,@oku-ui/roving-focus
,@oku-ui/scroll-area
,@oku-ui/separator
,@oku-ui/slider
,@oku-ui/slot
,@oku-ui/switch
,@oku-ui/tabs
,@oku-ui/toast
,@oku-ui/toggle
,@oku-ui/toggle-group
,@oku-ui/toolbar
,@oku-ui/tooltip
,@oku-ui/use-composable
,@oku-ui/utils
,@oku-ui/visually-hidden
,open2internet
,orbit-boxicons
,@orbitgtbelgium/mapbox-gl-draw-cut-polygon-mode
,@orbitgtbelgium/mapbox-gl-draw-scale-rotate-mode
,@orbitgtbelgium/orbit-components
,@orbitgtbelgium/time-slider
,orbit-nebula-draw-tools
,orbit-nebula-editor
,orbit-soap
,orchestrix
,@osmanekrem/bmad
,@osmanekrem/error-handler
,package-tester
,parcel-plugin-asset-copier
,pdf-annotation
,pergel
,@pergel/cli
,@pergel/module-box
,@pergel/module-graphql
,@pergel/module-ui
,@pergel/nuxt
,pergeltest
,piclite
,pico-uid
,pkg-readme
,poper-react-sdk
,@posthog/agent
,@posthog/ai
,@posthog/automatic-cohorts-plugin
,@posthog/bitbucket-release-tracker
,@posthog/cli
,@posthog/clickhouse
,@posthog/core
,@posthog/currency-normalization-plugin
,@posthog/customerio-plugin
,@posthog/databricks-plugin
,posthog-docusaurus
,@posthog/drop-events-on-property-plugin
,@posthog/event-sequence-timer-plugin
,@posthog/filter-out-plugin
,@posthog/first-time-event-tracker
,@posthog/geoip-plugin
,@posthog/github-release-tracking-plugin
,@posthog/gitub-star-sync-plugin
,@posthog/heartbeat-plugin
,@posthog/hedgehog-mode
,@posthog/icons
,@posthog/ingestion-alert-plugin
,@posthog/intercom-plugin
,posthog-js
,@posthog/kinesis-plugin
,@posthog/laudspeaker-plugin
,@posthog/lemon-ui
,@posthog/maxmind-plugin
,@posthog/migrator3000-plugin
,@posthog/netdata-event-processing
,@posthog/nextjs
,@posthog/nextjs-config
,posthog-node
,@posthog/nuxt
,@posthog/pagerduty-plugin
,@posthog/piscina
,@posthog/plugin-contrib
,posthog-plugin-hello-world
,@posthog/plugin-server
,@posthog/plugin-unduplicates
,@posthog/postgres-plugin
,posthog-react-native
,posthog-react-native-session-replay
,@posthog/react-rrweb-player
,@posthog/rrdom
,@posthog/rrweb
,@posthog/rrweb-player
,@posthog/rrweb-record
,@posthog/rrweb-replay
,@posthog/rrweb-snapshot
,@posthog/rrweb-utils
,@posthog/sendgrid-plugin
,@posthog/siphash
,@posthog/snowflake-export-plugin
,@posthog/taxonomy-plugin
,@posthog/twilio-plugin
,@posthog/twitter-followers-plugin
,@posthog/url-normalizer-plugin
,@posthog/variance-plugin
,@posthog/web-dev-server
,@posthog/wizard
,@posthog/zendesk-plugin
,@postman/aether-icons
,@postman/csv-parse
,@postman/final-node-keytar
,@postman/mcp-ui-client
,@postman/node-keytar
,@postman/pm-bin-linux-x64
,@postman/pm-bin-macos-arm64
,@postman/pm-bin-macos-x64
,@postman/pm-bin-windows-x64
,@postman/postman-collection-fork
,@postman/postman-mcp-cli
,@postman/postman-mcp-server
,@postman/pretty-ms
,@postman/secret-scanner-wasm
,@postman/tunnel-agent
,@postman/wdio-allure-reporter
,@postman/wdio-junit-reporter
,@pradhumngautam/common-app
,prime-one-table
,@productdevbook/animejs-vue
,@productdevbook/auth
,@productdevbook/chatwoot
,@productdevbook/motion
,@productdevbook/ts-i18n
,prompt-eng
,prompt-eng-server
,@pruthvi21/use-debounce
,puny-req
,@quick-start-soft/quick-document-translator
,@quick-start-soft/quick-git-clean-markdown
,@quick-start-soft/quick-markdown
,@quick-start-soft/quick-markdown-compose
,@quick-start-soft/quick-markdown-image
,@quick-start-soft/quick-markdown-print
,@quick-start-soft/quick-markdown-translator
,@quick-start-soft/quick-remove-image-background
,@quick-start-soft/quick-task-refine
,quickswap-ads-list
,quickswap-default-staking-list
,quickswap-default-staking-list-address
,quickswap-default-token-list
,quickswap-router-sdk
,quickswap-sdk
,quickswap-smart-order-router
,quickswap-token-lists
,quickswap-v2-sdk
,ra-auth-firebase
,ra-data-firebase
,react-component-taggers
,react-data-to-export
,react-element-prompt-inspector
,react-favic
,react-hook-form-persist
,react-jam-icons
,react-keycloak-context
,react-library-setup
,react-linear-loader
,react-micromodal.js
,react-native-datepicker-modal
,react-native-email
,react-native-fetch
,react-native-get-pixel-dimensions
,react-native-google-maps-directions
,react-native-jam-icons
,react-native-log-level
,react-native-modest-checkbox
,react-native-modest-storage
,react-native-phone-call
,react-native-retriable-fetch
,react-native-use-modal
,react-native-view-finder
,react-native-websocket
,react-native-worklet-functions
,react-packery-component
,react-qr-image
,react-scrambled-text
,rediff
,rediff-viewer
,redux-forge
,redux-router-kit
,@relyt/claude-context-core
,@relyt/claude-context-mcp
,@relyt/mcp-server-relytone
,revenuecat
,rollup-plugin-httpfile
,sa-company-registration-number-regex
,sa-id-gen
,@sameepsi/sor
,@sameepsi/sor2
,samesame
,scgs-capacitor-subscribe
,scgsffcreator
,schob
,@seezo/sdr-mcp-server
,selenium-session
,selenium-session-client
,set-nested-prop
,@seung-ju/next
,@seung-ju/openapi-generator
,@seung-ju/react-hooks
,@seung-ju/react-native-action-sheet
,shelf-jwt-sessions
,shell-exec
,shinhan-limit-scrap
,silgi
,@silgi/better-auth
,@silgi/drizzle
,@silgi/ecosystem
,@silgi/graphql
,@silgi/module-builder
,@silgi/openapi
,@silgi/permission
,@silgi/ratelimit
,@silgi/scalar
,@silgi/yoga
,simplejsonform
,skills-use
,@sme-ui/aoma-vevasound-metadata-lib
,solomon-api-stories
,solomon-v3-stories
,solomon-v3-ui-wrapper
,soneium-acs
,sort-by-distance
,south-african-id-info
,stat-fns
,stoor
,@strapbuild/react-native-date-time-picker
,@strapbuild/react-native-perspective-image-cropper
,@strapbuild/react-native-perspective-image-cropper-2
,@strapbuild/react-native-perspective-image-cropper-poojan31
,sufetch
,super-commit
,@suraj_h/medium-common
,svelte-autocomplete-select
,svelte-toasty
,tanstack-shadcn-table
,tavily-module
,tcsp
,tcsp-draw-test
,tcsp-test-vd
,template-lib
,template-micro-service
,tenacious-fetch
,test23112222-api
,test-foundry-app
,test-hardhat-app
,@thedelta/eslint-config
,tiaan
,@tiaanduplessis/json
,@tiaanduplessis/react-progressbar
,tiptap-shadcn-vue
,token.js-fork
,toonfetch
,@trackstar/angular-trackstar-link
,@trackstar/react-trackstar-link
,@trackstar/react-trackstar-link-upgrade
,@trackstar/test-angular-package
,@trackstar/test-package
,@trefox/sleekshop-js
,@trigo/atrix
,@trigo/atrix-acl
,@trigo/atrix-elasticsearch
,@trigo/atrix-mongoose
,@trigo/atrix-orientdb
,@trigo/atrix-postgres
,@trigo/atrix-pubsub
,@trigo/atrix-redis
,@trigo/atrix-soap
,@trigo/atrix-swagger
,@trigo/bool-expressions
,@trigo/eslint-config-trigo
,@trigo/fsm
,@trigo/hapi-auth-signedlink
,@trigo/jsdt
,@trigo/keycloak-api
,@trigo/node-soap
,@trigo/pathfinder-ui-css
,trigo-react-app
,@trigo/trigo-hapijs
,@trpc-rate-limiter/cloudflare
,@trpc-rate-limiter/hono
,ts-relay-cursor-paging
,typeface-antonio-complete
,typefence
,typeorm-orbit
,unadapter
,undefsafe-typed
,unemail
,uniswap-router-sdk
,uniswap-smart-order-router
,uniswap-test-sdk-core
,unsearch
,uplandui
,upload-to-play-store
,url-encode-decode
,use-unsaved-changes
,valid-south-african-id
,valuedex-sdk
,@varsityvibe/api-client
,@varsityvibe/utils
,@varsityvibe/validation-schemas
,vf-oss-template
,@viapip/eslint-config
,victoria-wallet-constants
,victoria-wallet-core
,victoria-wallet-type
,victoria-wallet-utils
,victoria-wallet-validator
,victoriaxoaquyet-wallet-core
,@vishadtyagi/full-year-calendar
,vite-plugin-httpfile
,@voiceflow/alexa-types
,@voiceflow/anthropic
,@voiceflow/api-sdk
,@voiceflow/backend-utils
,@voiceflow/base-types
,@voiceflow/body-parser
,@voiceflow/chat-types
,@voiceflow/circleci-config-sdk-orb-import
,@voiceflow/commitlint-config
,@voiceflow/common
,@voiceflow/default-prompt-wrappers
,@voiceflow/dependency-cruiser-config
,@voiceflow/dtos-interact
,@voiceflow/encryption
,@voiceflow/eslint-config
,@voiceflow/eslint-plugin
,@voiceflow/exception
,@voiceflow/fetch
,@voiceflow/general-types
,@voiceflow/git-branch-check
,@voiceflow/google-dfes-types
,@voiceflow/google-types
,@voiceflow/husky-config
,@voiceflow/logger
,@voiceflow/metrics
,@voiceflow/natural-language-commander
,@voiceflow/nestjs-common
,@voiceflow/nestjs-mongodb
,@voiceflow/nestjs-rate-limit
,@voiceflow/nestjs-redis
,@voiceflow/nestjs-timeout
,@voiceflow/npm-package-json-lint-config
,@voiceflow/openai
,@voiceflow/pino
,@voiceflow/pino-pretty
,@voiceflow/prettier-config
,@voiceflow/react-chat
,@voiceflow/runtime
,@voiceflow/runtime-client-js
,@voiceflow/sdk-runtime
,@voiceflow/secrets-provider
,@voiceflow/semantic-release-config
,@voiceflow/serverless-plugin-typescript
,@voiceflow/slate-serializer
,@voiceflow/stitches-react
,@voiceflow/storybook-config
,@voiceflow/stylelint-config
,@voiceflow/test-common
,@voiceflow/tsconfig
,@voiceflow/tsconfig-paths
,@voiceflow/utils-designer
,@voiceflow/verror
,@voiceflow/vite-config
,@voiceflow/vitest-config
,@voiceflow/voiceflow-types
,@voiceflow/voice-types
,@voiceflow/widget
,v-plausible
,@vucod/email
,vue-browserupdate-nuxt
,wallet-evm
,wallet-type
,webpack-loader-httpfile
,web-scraper-mcp
,web-types-htmx
,web-types-lit
,wellness-expert-ng-gallery
,wenk
,@zapier/ai-actions
,@zapier/ai-actions-react
,zapier-async-storage
,@zapier/babel-preset-zapier
,@zapier/browserslist-config-zapier
,@zapier/eslint-plugin-zapier
,@zapier/mcp-integration
,zapier-platform-cli
,zapier-platform-core
,zapier-platform-legacy-scripting-runner
,zapier-platform-schema
,zapier-scripts
,@zapier/secret-scrubber
,@zapier/spectral-api-ruleset
,@zapier/stubtree
,@zapier/zapier-sdk
,zuper-cli
,zuper-sdk
,zuper-stream


